{
  "allPlaceholder": "",
  "showInfoWindowOnSelect": true,
  "sources": [
    {
      "url": "https://geocode.arcgis.com/arcgis/rest/services/World/GeocodeServer",
      "name": "ArcGIS World Geocoding Service",
      "singleLineFieldName": "SingleLine",
      "placeholder": "Temukan alamat atau tempat",
      "countryCode": "",
      "panToScale": false,
      "zoomScale": null,
      "maxSuggestions": 6,
      "maxResults": 6,
      "searchInCurrentMapExtent": false,
      "enableLocalSearch": true,
      "localSearchMinScale": 300000,
      "localSearchDistance": 50000,
      "radiusUnit": "meter",
      "type": "locator"
    },
    {
      "name": "Peta Bangunan UI",
      "url": "http://demo.esriindonesia.co.id/arcgis/rest/services/Internship/Bangunan_UI_AddressLoc/GeocodeServer",
      "singleLineFieldName": "SingleLine",
      "placeholder": "Place",
      "maxResults": 6,
      "searchInCurrentMapExtent": false,
      "type": "locator",
      "enableLocalSearch": false,
      "localSearchMinScale": 300000,
      "localSearchDistance": 50000
    }
  ]
}
